[{"model": "ecomapps.artist", "pk": 2, "fields": {"name": "Celine Dion"}}, {"model": "ecomapps.artist", "pk": 3, "fields": {"name": "Michael Jackson"}}, {"model": "ecomapps.artist", "pk": 4, "fields": {"name": "Francis Cabrel"}}, {"model": "ecomapps.artist", "pk": 5, "fields": {"name": "Supertramp"}}, {"model": "ecomapps.artist", "pk": 6, "fields": {"name": "Andrea Bocelli"}}, {"model": "ecomapps.artist", "pk": 7, "fields": {"name": "Musical"}}, {"model": "ecomapps.artist", "pk": 8, "fields": {"name": "Louise Attaque"}}, {"model": "ecomapps.artist", "pk": 9, "fields": {"name": "AC/DC"}}, {"model": "ecomapps.artist", "pk": 10, "fields": {"name": "Patrick Bruel"}}, {"model": "ecomapps.artist", "pk": 11, "fields": {"name": "Era"}}, {"model": "ecomapps.artist", "pk": 12, "fields": {"name": "Patricia Kaas"}}, {"model": "ecomapps.artist", "pk": 13, "fields": {"name": "Pink Floyd"}}, {"model": "ecomapps.artist", "pk": 14, "fields": {"name": "Queen"}}, {"model": "ecomapps.artist", "pk": 15, "fields": {"name": "Renaud"}}, {"model": "ecomapps.artist", "pk": 16, "fields": {"name": "Seal"}}, {"model": "ecomapps.artist", "pk": 17, "fields": {"name": "Florent Pagny"}}, {"model": "ecomapps.artist", "pk": 18, "fields": {"name": "Jean-Michel Jarre"}}, {"model": "ecomapps.artist", "pk": 19, "fields": {"name": "Stromae"}}, {"model": "ecomapps.artist", "pk": 20, "fields": {"name": "Soundtrack"}}, {"model": "ecomapps.artist", "pk": 21, "fields": {"name": "Johnny Hallyday"}}, {"model": "ecomapps.contact", "pk": 1, "fields": {"email": "Deloras@gmail.com", "name": "Deloras"}}, {"model": "ecomapps.contact", "pk": 2, "fields": {"email": "Hassie@gmail.com", "name": "Hassie"}}, {"model": "ecomapps.contact", "pk": 3, "fields": {"email": "Joe@gmail.com", "name": "Joe"}}, {"model": "ecomapps.contact", "pk": 4, "fields": {"email": "Sheridan@gmail.com", "name": "Sheridan"}}, {"model": "ecomapps.contact", "pk": 5, "fields": {"email": "Erlene@gmail.com", "name": "Erlene"}}, {"model": "ecomapps.contact", "pk": 6, "fields": {"email": "Emilee@gmail.com", "name": "Emilee"}}, {"model": "ecomapps.contact", "pk": 7, "fields": {"email": "Josette@gmail.com", "name": "Josette"}}, {"model": "ecomapps.contact", "pk": 8, "fields": {"email": "Quentin@gmail.com", "name": "Quentin"}}, {"model": "ecomapps.contact", "pk": 9, "fields": {"email": "Silvia@gmail.com", "name": "Silvia"}}, {"model": "ecomapps.contact", "pk": 10, "fields": {"email": "Fernanda@gmail.com", "name": "Fernanda"}}, {"model": "ecomapps.contact", "pk": 11, "fields": {"email": "Mariam@gmail.com", "name": "Mariam"}}, {"model": "ecomapps.contact", "pk": 12, "fields": {"email": "Ann@gmail.com", "name": "Ann"}}, {"model": "ecomapps.contact", "pk": 13, "fields": {"email": "Julienne@gmail.com", "name": "Julienne"}}, {"model": "ecomapps.contact", "pk": 14, "fields": {"email": "Dion@gmail.com", "name": "Dion"}}, {"model": "ecomapps.contact", "pk": 15, "fields": {"email": "Jasmin@gmail.com", "name": "Jasmin"}}, {"model": "ecomapps.contact", "pk": 16, "fields": {"email": "Tenisha@gmail.com", "name": "Tenisha"}}, {"model": "ecomapps.contact", "pk": 17, "fields": {"email": "Blaine@gmail.com", "name": "Blaine"}}, {"model": "ecomapps.contact", "pk": 18, "fields": {"email": "Ardella@gmail.com", "name": "Ardella"}}, {"model": "ecomapps.contact", "pk": 19, "fields": {"email": "Edda@gmail.com", "name": "Edda"}}, {"model": "ecomapps.contact", "pk": 20, "fields": {"email": "Ross@gmail.com", "name": "Ross"}}, {"model": "ecomapps.contact", "pk": 23, "fields": {"email": "blanchard@gmail.com", "name": "blanchard"}}, {"model": "ecomapps.album", "pk": 1, "fields": {"reference": 1, "created_at": "2021-08-07T03:15:32.224Z", "available": true, "title": "D'eux", "picture": "https://i.ebayimg.com/images/g/yWIAAOSw2gxYwIkz/s-l640.jpg", "artist": [2]}}, {"model": "ecomapps.album", "pk": 2, "fields": {"reference": 2, "created_at": "2021-08-07T03:16:22.219Z", "available": true, "title": "Thriller", "picture": "https://www.discobuzz.fr/9769-17085-home_default/michael-jackson-thriller-lp-vinyl-album-picture-disc-edition.jpg", "artist": [3]}}, {"model": "ecomapps.album", "pk": 3, "fields": {"reference": 3, "created_at": "2021-08-07T03:17:30.950Z", "available": true, "title": "Samedi soir sur la terre", "picture": "https://lastfm.freetls.fastly.net/i/u/ar0/10b45aa0bc0f4558a376bc0db287f661.jpg", "artist": [4]}}, {"model": "ecomapps.album", "pk": 4, "fields": {"reference": 4, "created_at": "2021-08-07T03:25:34.638Z", "available": true, "title": "Breakfast In America", "picture": "https://www.avmagazine.it/articoli/diffusori/846/01.jpg", "artist": [5]}}, {"model": "ecomapps.album", "pk": 5, "fields": {"reference": 5, "created_at": "2021-08-07T03:26:03.798Z", "available": true, "title": "Romanza", "picture": "https://images-na.ssl-images-amazon.com/images/I/616vYof3alL._AC_SX342_.jpg", "artist": [6]}}, {"model": "ecomapps.album", "pk": 6, "fields": {"reference": 6, "created_at": "2021-08-07T03:26:44.255Z", "available": true, "title": "Notre-Dame de Paris", "picture": "https://vignette.wikia.nocookie.net/figure-skating-13/images/3/39/Lwsm_image155_667.jpg/revision/latest?cb=20160224091733", "artist": [7]}}, {"model": "ecomapps.album", "pk": 7, "fields": {"reference": 7, "created_at": "2021-08-07T03:27:56.758Z", "available": true, "title": "Louise Attaque", "picture": "http://gervais.suttonmiddleschool.org/media/cd-la1.jpg", "artist": [8]}}, {"model": "ecomapps.album", "pk": 8, "fields": {"reference": 8, "created_at": "2021-08-07T03:28:54.827Z", "available": true, "title": "Back In Black", "picture": "https://www.music-bazaar.com/album-images/vol1/76/76309/594833-292-292.jpg", "artist": [9]}}, {"model": "ecomapps.album", "pk": 9, "fields": {"reference": 9, "created_at": "2021-08-07T03:29:21.338Z", "available": false, "title": "Entre deux", "picture": "https://oldies-cdn.freetls.fastly.net/i/boxart/w340/63/86/743219638694.jpg", "artist": [10]}}, {"model": "ecomapps.album", "pk": 10, "fields": {"reference": 10, "created_at": "2021-08-07T03:29:56.135Z", "available": true, "title": "Scene de vie", "picture": "http://4.bp.blogspot.com/_eg4RyNmPMYM/TP5I44EZo3I/AAAAAAAAMS0/fL3Jm2mFxiA/s1600/Patricia+Kaas%252C.jpg", "artist": [11]}}, {"model": "ecomapps.album", "pk": 11, "fields": {"reference": 11, "created_at": "2021-08-07T03:30:18.678Z", "available": false, "title": "Era", "picture": "https://img.discogs.com/LIrS8adzv0UxkqtFL3EbAE7aYDc=/fit-in/300x300/filters:strip_icc():format(jpeg):mode_rgb():quality(40)/discogs-images/R-13478747-1555050582-7107.jpeg.jpg", "artist": [12]}}, {"model": "ecomapps.album", "pk": 12, "fields": {"reference": 12, "created_at": "2021-08-07T03:30:40.938Z", "available": true, "title": "The Wall", "picture": "https://www.cineartistes.com/images_uploaded/PINK%20FLOYD%20THE%20WALL%20ikoyuitsyetruyetutyut.png", "artist": [13]}}, {"model": "ecomapps.album", "pk": 13, "fields": {"reference": 13, "created_at": "2021-08-07T03:31:30.848Z", "available": true, "title": "Greatest Hits II", "picture": "https://cdn.tower.jp/za/o/8W/zaP2_G1655888W.JPG", "artist": [14]}}, {"model": "ecomapps.album", "pk": 14, "fields": {"reference": 14, "created_at": "2021-08-07T03:32:00.975Z", "available": false, "title": "Boucan d'enfer", "picture": "http://leroidukitch.l.e.pic.centerblog.net/o/1a164158.jpg", "artist": [15]}}, {"model": "ecomapps.album", "pk": 15, "fields": {"reference": 15, "created_at": "2021-08-07T03:32:34.628Z", "available": false, "title": "Soul", "picture": "https://img.discogs.com/TufN_1gpIJ7L5tmgyp2abo6anuY=/fit-in/300x300/filters:strip_icc():format(jpeg):mode_rgb():quality(40)/discogs-images/R-14704998-1579995826-5408.jpeg.jpg", "artist": [16]}}, {"model": "ecomapps.album", "pk": 16, "fields": {"reference": 15, "created_at": "2021-08-07T03:33:31.348Z", "available": false, "title": "Savoir aimer", "picture": "https://t2.genius.com/unsafe/300x300/https:%2F%2Fimages.genius.com%2Fef834ee0bd829eba3369c086fe655074.600x600x1.jpg", "artist": [16]}}, {"model": "ecomapps.album", "pk": 17, "fields": {"reference": 16, "created_at": "2021-08-07T03:34:00.715Z", "available": false, "title": "Oxygène", "picture": "https://img.music.dmkt-sp.jp/dm-img-p1/imgkp?p=%2F12%2F930%2F30272930.jpg&f=776E72&FFh=300&FFw=300&h=4D490&option=FFenl%3Don", "artist": [17]}}, {"model": "ecomapps.album", "pk": 18, "fields": {"reference": 17, "created_at": "2021-08-07T03:34:29.193Z", "available": false, "title": "Racine Carrée", "picture": "https://www.unitedscooters.be/Files/7/114000/114673/ProductPhotos/MaxContent/544555269.jpg", "artist": [18]}}, {"model": "ecomapps.album", "pk": 19, "fields": {"reference": 18, "created_at": "2021-08-07T03:35:06.808Z", "available": true, "title": "Grease", "picture": "https://1.bp.blogspot.com/_vnJyt6ymNpU/TDDF7DcuyOI/AAAAAAAAT6Q/friSxgwOPxQ/s1600/grease-soundtrack1.jpg", "artist": [19]}}, {"model": "ecomapps.album", "pk": 20, "fields": {"reference": 19, "created_at": "2021-08-07T03:35:33.581Z", "available": true, "title": "Sang pour sang", "picture": "https://i.ebayimg.com/images/g/9fkAAOSwEMNdg4Zr/s-l300.jpg", "artist": [20]}}, {"model": "ecomapps.album", "pk": 21, "fields": {"reference": 20, "created_at": "2021-08-07T03:36:49.740Z", "available": false, "title": "Sang pour sang 2", "picture": "https://i.ebayimg.com/images/g/9fkAAOSwEMNdg4Zr/s-l300.jpg", "artist": [21]}}, {"model": "ecomapps.booking", "pk": 1, "fields": {"created_at": "2021-08-07T03:42:24.776Z", "contacted": false, "contact": 1, "album": 2}}, {"model": "ecomapps.booking", "pk": 2, "fields": {"created_at": "2021-08-07T03:42:33.670Z", "contacted": false, "contact": 9, "album": 16}}, {"model": "ecomapps.booking", "pk": 3, "fields": {"created_at": "2021-08-07T03:42:42.329Z", "contacted": false, "contact": 2, "album": 1}}, {"model": "ecomapps.booking", "pk": 4, "fields": {"created_at": "2021-08-07T03:42:50.869Z", "contacted": true, "contact": 3, "album": 15}}, {"model": "ecomapps.booking", "pk": 5, "fields": {"created_at": "2021-08-07T03:43:17.648Z", "contacted": true, "contact": 8, "album": 10}}, {"model": "ecomapps.booking", "pk": 6, "fields": {"created_at": "2021-08-07T03:43:31.985Z", "contacted": false, "contact": 14, "album": 7}}, {"model": "ecomapps.booking", "pk": 8, "fields": {"created_at": "2021-08-07T21:48:49.118Z", "contacted": false, "contact": 23, "album": 9}}, {"model": "ecomapps.booking", "pk": 9, "fields": {"created_at": "2021-08-07T22:25:46.298Z", "contacted": false, "contact": 23, "album": 18}}]